index,input,expected_output,prediction_text,json_valid,schema_valid,attack_type_correct,severity_correct,affected_asset_correct,confidence_numeric,pred_attack_type,expected_attack_type,pred_severity,expected_severity,pred_affected_asset,expected_affected_asset
0,"The public website received a sudden surge of traffic from many unrelated external IP addresses, causing slow response times and intermittent outages.","{""attack_type"": ""dos"", ""severity"": ""critical"", ""affected_asset"": ""web_service"", ""recommended_action"": ""Enable rate limiting or DDoS protection, block abusive sources, and monitor service availability."", ""confidence"": 0.9}","{""attack_type"": ""dos"", ""severity"": ""high"", ""affected_asset"": ""public_website"", ""recommended_action"": ""Enable rate limiting or DDoS protection for the public_website, block abusive sources, and monitor service availability."", ""confidence"": 0.88}<|endoftext|>",True,True,True,False,False,True,dos,dos,high,critical,public_website,web_service
1,A source host sent repeated connection attempts to many different destination ports on the same server within a short time window.,"{""attack_type"": ""reconnaissance"", ""severity"": ""medium"", ""affected_asset"": ""network_host"", ""recommended_action"": ""Review scanning activity, restrict unnecessary exposed services, and monitor for follow-up intrusion attempts."", ""confidence"": 0.86}","{""attack_type"": ""dos"", ""severity"": ""high"", ""affected_asset"": ""network_host"", ""recommended_action"": ""Enable rate limiting or DDoS protection for the network_host, block abusive sources, and monitor service availability."", ""confidence"": 0.88}<|endoftext|>",True,True,False,False,True,True,dos,reconnaissance,high,medium,network_host,network_host
2,An endpoint began communicating with an unusual external server and showed signs of unauthorized persistence after reboot.,"{""attack_type"": ""backdoor"", ""severity"": ""critical"", ""affected_asset"": ""network_host"", ""recommended_action"": ""Isolate the affected host, search for unauthorized persistence mechanisms, rotate credentials, and perform forensic analysis."", ""confidence"": 0.9}","{""attack_type"": ""benign"", ""severity"": ""low"", ""affected_asset"": ""network_host"", ""recommended_action"": ""No immediate security action is required. Review scanning activity against network_host."", ""confidence"": 0.84}<|endoftext|>",True,True,False,False,True,True,benign,backdoor,low,critical,network_host,network_host
4,A normal DNS lookup was observed from an internal workstation to the organization DNS server with no unusual volume or suspicious behavior.,"{""attack_type"": ""benign"", ""severity"": ""low"", ""affected_asset"": ""dns_service"", ""recommended_action"": ""No immediate security action is required. Continue routine monitoring of the dns_service."", ""confidence"": 0.84}","{""attack_type"": ""benign"", ""severity"": ""low"", ""affected_asset"": ""network_host"", ""recommended_action"": ""No immediate security action is required. Continue routine monitoring of the network_host."", ""confidence"": 0.84}<|endoftext|>",True,True,True,True,False,True,benign,benign,low,low,network_host,dns_service
5,Traffic to an internal application matched a known exploit pattern targeting an unpatched service.,"{""attack_type"": ""exploit"", ""severity"": ""high"", ""affected_asset"": ""network_service"", ""recommended_action"": ""Inspect the affected service for signs of exploitation, patch vulnerable software, review access logs, and block suspicious source traffic."", ""confidence"": 0.88}","{""attack_type"": ""exploit"", ""severity"": ""high"", ""affected_asset"": ""internal_application"", ""recommended_action"": ""Patch the vulnerable service immediately and isolate the affected asset."", ""confidence"": 0.88}<|endoftext|>",True,True,True,True,False,True,exploit,exploit,high,high,internal_application,network_service
6,A suspicious payload resembling shellcode was detected in traffic sent to a vulnerable network daemon.,"{""attack_type"": ""shellcode"", ""severity"": ""critical"", ""affected_asset"": ""network_service"", ""recommended_action"": ""Isolate the affected service, inspect memory and process activity, patch vulnerable services, and collect forensic evidence."", ""confidence"": 0.9}","{""attack_type"": ""shellcode"", ""severity"": ""critical"", ""affected_asset"": ""network_daemon"", ""recommended_action"": ""Isolate the affected network_daemon, inspect memory and process activity, patch vulnerable services, and collect forensic evidence."", ""confidence"": 0.9}<|endoftext|>",True,True,True,True,False,True,shellcode,shellcode,critical,critical,network_daemon,network_service
7,A host started contacting many nearby systems in a pattern suggesting automated propagation across the network.,"{""attack_type"": ""worm"", ""severity"": ""critical"", ""affected_asset"": ""network_host"", ""recommended_action"": ""Immediately isolate the affected host, scan nearby hosts, block propagation paths, and begin incident response procedures."", ""confidence"": 0.9}","{""attack_type"": ""dos"", ""severity"": ""high"", ""affected_asset"": ""network_host"", ""recommended_action"": ""Enable rate limiting or DDoS protection for the network_host, block abusive sources, and monitor service availability."", ""confidence"": 0.88}<|endoftext|>",True,True,False,False,True,True,dos,worm,high,critical,network_host,network_host
8,"The firewall logged suspicious activity that did not clearly match scanning, denial of service, or exploitation, but the flow was labeled as malicious.","{""attack_type"": ""generic_attack"", ""severity"": ""medium"", ""affected_asset"": ""network_service"", ""recommended_action"": ""Investigate the suspicious traffic, review logs for the affected service, and apply network blocking or filtering if malicious behavior is confirmed."", ""confidence"": 0.88}","{""attack_type"": ""benign"", ""severity"": ""low"", ""affected_asset"": ""network_host"", ""recommended_action"": ""No immediate security action is required. Continue routine monitoring of the network_host."", ""confidence"": 0.84}<|endoftext|>",True,True,False,False,False,True,benign,generic_attack,low,medium,network_host,network_service
9,An attacker appeared to gather information about the network by probing services and checking which hosts responded.,"{""attack_type"": ""analysis"", ""severity"": ""medium"", ""affected_asset"": ""network_host"", ""recommended_action"": ""Investigate the suspicious analysis activity, review related logs, and increase monitoring for follow-up attacks."", ""confidence"": 0.86}","{""attack_type"": ""reconnaissance"", ""severity"": ""medium"", ""affected_asset"": ""network_host"", ""recommended_action"": ""Review scanning activity against sensitive networks or services, restrict unnecessary exposed services, and monitor for follow-up intrusion attempts."", ""confidence"": 0.86}<|endoftext|>",True,True,False,True,True,True,reconnaissance,analysis,medium,medium,network_host,network_host
13,A host sent crafted packets to a service in an attempt to trigger unexpected behavior and identify weaknesses.,"{""attack_type"": ""fuzzing"", ""severity"": ""medium"", ""affected_asset"": ""network_service"", ""recommended_action"": ""Inspect the service for malformed input handling, review logs, and strengthen validation or filtering rules."", ""confidence"": 0.86}","{""attack_type"": ""fuzzing"", ""severity"": ""medium"", ""affected_asset"": ""network_host"", ""recommended_action"": ""Inspect the network_host for malformed input handling, review application logs, and strengthen validation or filtering rules."", ""confidence"": 0.86}<|endoftext|>",True,True,True,True,False,True,fuzzing,fuzzing,medium,medium,network_host,network_service
14,A suspicious remote connection appeared to give unauthorized long-term access to an internal server.,"{""attack_type"": ""backdoor"", ""severity"": ""critical"", ""affected_asset"": ""network_host"", ""recommended_action"": ""Isolate the affected host, search for unauthorized persistence mechanisms, rotate credentials, and perform forensic analysis."", ""confidence"": 0.9}","{""attack_type"": ""benign"", ""severity"": ""low"", ""affected_asset"": ""network_service"", ""recommended_action"": ""No immediate security action is required. Review routine monitoring of network_services."", ""confidence"": 0.84}<|endoftext|>",True,True,False,False,False,True,benign,backdoor,low,critical,network_service,network_host
15,Traffic analysis showed an external source checking multiple internal hosts and services without completing normal application sessions.,"{""attack_type"": ""reconnaissance"", ""severity"": ""medium"", ""affected_asset"": ""network_service"", ""recommended_action"": ""Review scanning activity, restrict exposed services, and monitor for follow-up intrusion attempts."", ""confidence"": 0.86}","{""attack_type"": ""benign"", ""severity"": ""low"", ""affected_asset"": ""network_host"", ""recommended_action"": ""No immediate security action is required. Continue routine monitoring of network_host."", ""confidence"": 0.84}<|endoftext|>",True,True,False,False,False,True,benign,reconnaissance,low,medium,network_host,network_service
16,A payload containing low-level executable instructions was delivered to a service that should not normally receive executable code.,"{""attack_type"": ""shellcode"", ""severity"": ""critical"", ""affected_asset"": ""network_service"", ""recommended_action"": ""Isolate the affected service, inspect memory and process activity, patch vulnerable services, and collect forensic evidence."", ""confidence"": 0.9}","{""attack_type"": ""benign"", ""severity"": ""low"", ""affected_asset"": ""network_service"", ""recommended_action"": ""No immediate security action is required. Continue routine monitoring of the network_service."", ""confidence"": 0.84}<|endoftext|>",True,True,False,False,True,True,benign,shellcode,low,critical,network_service,network_service
17,A compromised machine began scanning and attempting connections to many other machines automatically.,"{""attack_type"": ""worm"", ""severity"": ""critical"", ""affected_asset"": ""network_host"", ""recommended_action"": ""Immediately isolate the affected host, scan nearby hosts, block propagation paths, and begin incident response procedures."", ""confidence"": 0.9}","{""attack_type"": ""dos"", ""severity"": ""high"", ""affected_asset"": ""network_host"", ""recommended_action"": ""Enable rate limiting or DDoS protection for the network_host, block abusive sources, and monitor service availability."", ""confidence"": 0.88}<|endoftext|>",True,True,False,False,True,True,dos,worm,high,critical,network_host,network_host
18,"A suspicious flow was marked malicious by the intrusion system, but the available indicators did not identify a more specific attack family.","{""attack_type"": ""generic_attack"", ""severity"": ""medium"", ""affected_asset"": ""network_service"", ""recommended_action"": ""Investigate the suspicious traffic, review logs for the affected service, and apply network blocking or filtering if malicious behavior is confirmed."", ""confidence"": 0.88}","{""attack_type"": ""generic_attack"", ""severity"": ""medium"", ""affected_asset"": ""network_host"", ""recommended_action"": ""Investigate the suspicious traffic, review logs for the network_host, and apply network blocking or filtering if an attack is confirmed."", ""confidence"": 0.86}<|endoftext|>",True,True,True,True,False,True,generic_attack,generic_attack,medium,medium,network_host,network_service
22,A server received a high volume of connection attempts that exhausted service capacity and reduced availability.,"{""attack_type"": ""dos"", ""severity"": ""critical"", ""affected_asset"": ""network_service"", ""recommended_action"": ""Enable rate limiting or DDoS protection, block abusive sources, and monitor service availability."", ""confidence"": 0.9}","{""attack_type"": ""dos"", ""severity"": ""high"", ""affected_asset"": ""network_service"", ""recommended_action"": ""Enable rate limiting or DDoS protection for the network_service, block abusive sources, and monitor service availability."", ""confidence"": 0.88}<|endoftext|>",True,True,True,False,True,True,dos,dos,high,critical,network_service,network_service
23,A host sent repeated malformed inputs to a network protocol parser to discover crashes or unexpected responses.,"{""attack_type"": ""fuzzing"", ""severity"": ""medium"", ""affected_asset"": ""network_service"", ""recommended_action"": ""Inspect the service for malformed input handling, review application logs, and strengthen validation or filtering rules."", ""confidence"": 0.86}","{""attack_type"": ""fuzzing"", ""severity"": ""medium"", ""affected_asset"": ""network_host"", ""recommended_action"": ""Inspect the network_host for crash logs or unexpected behavior, review application logs, and strengthen validation or filtering rules."", ""confidence"": 0.86}<|endoftext|>",True,True,True,True,False,True,fuzzing,fuzzing,medium,medium,network_host,network_service
24,An internal workstation exchanged normal UDP traffic with a DNS server and no attack category was assigned.,"{""attack_type"": ""benign"", ""severity"": ""low"", ""affected_asset"": ""dns_service"", ""recommended_action"": ""No immediate security action is required. Continue routine monitoring of the dns_service."", ""confidence"": 0.84}","{""attack_type"": ""benign"", ""severity"": ""low"", ""affected_asset"": ""network_host"", ""recommended_action"": ""No immediate security action is required. Continue routine monitoring of the network_host."", ""confidence"": 0.84}<|endoftext|>",True,True,True,True,False,True,benign,benign,low,low,network_host,dns_service
26,An external address attempted to discover available hosts and open services before any direct exploitation attempt.,"{""attack_type"": ""reconnaissance"", ""severity"": ""medium"", ""affected_asset"": ""network_service"", ""recommended_action"": ""Review scanning activity, restrict unnecessary exposed services, and monitor for follow-up intrusion attempts."", ""confidence"": 0.86}","{""attack_type"": ""reconnaissance"", ""severity"": ""medium"", ""affected_asset"": ""network_host"", ""recommended_action"": ""Review scanning activity against network_host, restrict unnecessary exposed services, and monitor for follow-up intrusion attempts."", ""confidence"": 0.86}<|endoftext|>",True,True,True,True,False,True,reconnaissance,reconnaissance,medium,medium,network_host,network_service
28,A malicious program attempted to spread from one infected host to other reachable hosts without user interaction.,"{""attack_type"": ""worm"", ""severity"": ""critical"", ""affected_asset"": ""network_host"", ""recommended_action"": ""Immediately isolate the affected host, scan nearby hosts, block propagation paths, and begin incident response procedures."", ""confidence"": 0.9}","{""attack_type"": ""dos"", ""severity"": ""high"", ""affected_asset"": ""network_host"", ""recommended_action"": ""Enable rate limiting or DDoS protection for the network_host, block abusive sources, and monitor service availability."", ""confidence"": 0.88}<|endoftext|>",True,True,False,False,True,True,dos,worm,high,critical,network_host,network_host
29,"A suspicious network event was confirmed as malicious, but the exact technique was unclear from the available flow features.","{""attack_type"": ""generic_attack"", ""severity"": ""medium"", ""affected_asset"": ""network_service"", ""recommended_action"": ""Investigate the suspicious traffic, review logs for the affected service, and apply network blocking or filtering if malicious behavior is confirmed."", ""confidence"": 0.88}","{""attack_type"": ""generic_attack"", ""severity"": ""medium"", ""affected_asset"": ""network_host"", ""recommended_action"": ""Investigate the network_host for signs of exploitation or sabotage, patch vulnerable software, and monitor nearby hosts."", ""confidence"": 0.86}<|endoftext|>",True,True,True,True,False,True,generic_attack,generic_attack,medium,medium,network_host,network_service
