loss,grad_norm,learning_rate,epoch,step,eval_loss,eval_runtime,eval_samples_per_second,eval_steps_per_second,train_runtime,train_samples_per_second,train_steps_per_second,total_flos,train_loss
0.1454755210876465,0.3270735442638397,9.869706840390879e-05,0.07651109410864575,25,,,,,,,,,
0.13711356163024901,0.23166702687740326,9.055374592833876e-05,0.1530221882172915,50,,,,,,,,,
0.13388146400451661,0.25399935245513916,8.241042345276873e-05,0.22953328232593725,75,,,,,,,,,
0.1296554374694824,0.18182803690433502,7.42671009771987e-05,0.306044376434583,100,,,,,,,,,
,,,0.306044376434583,100,0.11899439245462418,71.755,5.965,5.965,,,,,
0.12639793395996093,0.4273096024990082,6.612377850162866e-05,0.38255547054322875,125,,,,,,,,,
0.12123504638671875,0.34541237354278564,5.798045602605864e-05,0.4590665646518745,150,,,,,,,,,
0.12407279014587402,0.3251378536224365,4.9837133550488604e-05,0.5355776587605203,175,,,,,,,,,
0.10914068222045899,0.24477553367614746,4.1693811074918574e-05,0.612088752869166,200,,,,,,,,,
,,,0.612088752869166,200,0.11578322947025299,71.9187,5.951,5.951,,,,,
0.12187952995300293,0.24704492092132568,3.355048859934854e-05,0.6885998469778117,225,,,,,,,,,
0.12245912551879883,0.26928335428237915,2.5407166123778503e-05,0.7651109410864575,250,,,,,,,,,
0.11423124313354492,0.27910277247428894,1.726384364820847e-05,0.8416220351951033,275,,,,,,,,,
0.11293198585510254,0.2641725540161133,9.120521172638436e-06,0.918133129303749,300,,,,,,,,,
,,,0.918133129303749,300,0.11312973499298096,71.296,6.003,6.003,,,,,
0.10479758262634277,0.20521017909049988,9.771986970684038e-07,0.9946442234123948,325,,,,,,,,,
,,,1.0,327,0.1126827597618103,71.9987,5.945,5.945,,,,,
,,,1.0,327,,,,,2082.5531,1.255,0.157,5705883761181696.0,0.12321411237257336
